<?xml version="1.0" encoding="UTF-8"?>
<module xmlns="urn:jboss:module:1.0" name="mq.lib">
<resources>
<resource-root path="com.ibm.mq.jar"/>
<resource-root path="com.ibm.mq.commonservices.jar"/>
<resource-root path="com.ibm.mq.connector.jar"/>
<resource-root path="com.ibm.mq.headers.jar"/>
<resource-root path="com.ibm.mq.jar"/>
<resource-root path="com.ibm.mq.jmqi.jar"/>
<resource-root path="com.ibm.mq.jmqi.local.jar"/>
<resource-root path="com.ibm.mq.jmqi.remote.jar"/>
<resource-root path="com.ibm.mq.jmqi.system.jar"/>
<resource-root path="com.ibm.mq.jms.admin.jar"/>
<resource-root path="com.ibm.mq.pcf.jar"/>
<resource-root path="com.ibm.mqjms.jar"/>
<resource-root path="com.ibm.msg.client.commonservices.j2se.jar"/>
<resource-root path="com.ibm.msg.client.commonservices.jar"/>
<resource-root path="com.ibm.msg.client.jms.internal.jar"/>
<resource-root path="com.ibm.msg.client.jms.jar"/>
<resource-root path="com.ibm.msg.client.matchspace.jar"/>
<resource-root path="com.ibm.msg.client.provider.jar"/>
<resource-root path="com.ibm.msg.client.ref.jar"/>
<resource-root path="com.ibm.msg.client.wmq.jar"/>
<resource-root path="com.ibm.msg.client.wmq.common.jar"/>
<resource-root path="com.ibm.msg.client.wmq.factories.jar"/>
<resource-root path="com.ibm.msg.client.wmq.v6.jar"/>
<resource-root path="dhbcore.jar"/>
</resources>
<dependencies>
<module name="javax.api"/>
<module name="javax.transaction.api"/>
<module name="javax.resource.api"/>
<module name="javax.jms.api"/>
</dependencies>
</module>